iterations,best_pipeline,test_scores
0,extra_trees,"{'RMSE': 346.8417497420739, 'MAE': 252.64280829906465, 'MAPE': 0.2978561175751001}"
1,extra_trees,"{'RMSE': 341.1928441809878, 'MAE': 249.8269578266144, 'MAPE': 0.2937552562626621}"
